{
    "Qualify": {
        "tableMaster": {
            "table": "incidents_and_qualifications",
            "label": "Incidents and Qualifications",
            "where": {
                "type": 2,
                "status": "Qualify"
            },
            "color": "#645335",
            "update": {
                "status": "Qualify"
            }
        },
        "fields": {
            "code": {
                "security-key": "RegplITaXL4K",
                "label": "Incident Code",
                "form": {
                    "type": "text",
                    "source_type": "session_var",
                    "source": "data.code",
                    "readonly": true
                }
            },
            "prd_or_cmp": {
                "security-key": "SQ-FLUTkWN8c",
                "label": "Produit u composant",
                "form": {
                    "type": "select",
                    "source": [
                        "Product",
                        "Component"
                    ],
                    "source_type": "enum"
                }
            },
            "product_family": {
                "security-key": "uMnyYFji1WUu",
                "label": "Product family",
                "form": {
                    "type": "select",
                    "source_type": "sgbd",
                    "source": "ref_product_families",
                    "field-view": "name",
                    "field-record": "id",
                    "view_id": true
                }
            },
            "model": {
                "security-key": "uzAJ8TPgndny",
                "label": "Model",
                "form": {
                    "type": "select",
                    "source_type": "sgbd",
                    "source": "ref_models",
                    "field-view": "name",
                    "field-record": "id",
                    "where": {}
                }
            },
            "site": {
                "security-key": "U1Zl7ryXsaJV",
                "label": "Site",
                "form": {
                    "type": "select",
                    "source_type": "sgbd",
                    "source": "ref_sites",
                    "field-view": "name",
                    "field-record": "id"
                }
            },
            "internal_or_wholesaler": {
                "security-key": "C_8GkXJhNKM8",
                "label": "Internal or Wholesaler",
                "form": {
                    "type": "select",
                    "source": [
                        "Internal",
                        "Wholesaler"
                    ],
                    "source_type": "enum"
                }
            },
            "project_number": {
                "security-key": "jI_LZBpHg_Ib",
                "label": "Project number",
                "form": {
                    "type": "text"
                }
            },
            "wholesaler_name": {
                "security-key": "-_ITjxAY2wUT",
                "label": "Wholesaler name",
                "form": {
                    "type": "text"
                }
            },
            "probleme_description": {
                "security-key": "0yCzXR9gb9ly",
                "label": "Problem description",
                "form": {
                    "type": "textarea"
                }
            }
        },
        "next-step": {
            "step": {
                "value": 3,
                "session-var": "data.step"
            },
            "entity_id": {
                "source": "id",
                "session-var": "data.incident_id"
            },
            "incident_type": {
                "value": "cus",
                "session-var": "data.incident_type"
            },
            "incident_type_id": {
                "value": 1,
                "session-var": "data.incident_type_id"
            },
            "color": {
                "value": "#645335",
                "session-var": "data.color"
            },
            "next-status": "Priorization",
            "next-page": "priority",
            "final-step": false
        },
        "form-buttons": {
            "security-key": "poing832nd",
            "label": "Qualify incident",
            "form-submit": {
                "type": "submit"
            }
        }
    },
    "Priorization": {
        "tableMaster": {
            "table": "incidents_and_qualifications",
            "label": "Incidents and Qualifications",
            "where": {
                "type": 2,
                "status": "Priorization"
            },
            "color": "#645335",
            "update": {
                "status": "Priorization"
            }
        },
        "fields": {
            "code": {
                "security-key": "toFB-uomWLnC",
                "label": "Incident Code",
                "form": {
                    "type": "text",
                    "source_type": "session_var",
                    "source": "data.code",
                    "readonly": true
                }
            },
            "severity": {
                "security-key": "fxdhe8af5O6W",
                "label": "Severity",
                "form": {
                    "type": "select",
                    "source_type": "sgbd",
                    "source": "ref_severities",
                    "field-view": "security",
                    "field-record": "id",
                    "view_id": true
                }
            },
            "detection_state": {
                "security-key": "TyNJQErQw3QX",
                "label": "Detection state",
                "form": {
                    "type": "select",
                    "source_type": "enum",
                    "source": [
                        1,
                        3,
                        5,
                        7,
                        10
                    ]
                }
            },
            "ipr": {
                "security-key": "EJ4UVNE4Jxws",
                "label": "IPR",
                "form": {
                    "type": "auto",
                    "value": "severite x detection_state"
                }
            },
            "priorisation_method": {
                "security-key": "-E7EiEoIgO9S",
                "label": "Priorisation method",
                "form": {
                    "type": "textarea"
                }
            }
        },
        "next-step": {
            "step": {
                "value": 3,
                "session-var": "data.step"
            },
            "entity_id": {
                "source": "id",
                "session-var": "data.incident_id"
            },
            "incident_type": {
                "value": "pro",
                "session-var": "data.incident_type"
            },
            "incident_type_id": {
                "value": 1,
                "session-var": "data.incident_type_id"
            },
            "color": {
                "value": "#356335",
                "session-var": "data.color"
            },
            "next-status": "Resolution",
            "next-page": "ndf",
            "final-step": false
        },
        "form-buttons": {
            "security-key": "poing832nd",
            "label": "Priorise incident",
            "form-submit": {
                "type": "submit"
            }
        }
    }
}